experiment,algorithm,depth,budgetMs,positions,samples,completed,notCompleted,ruleAmbiguity,engineError,totalNodes,meanNodes,medianNodes,meanTimeMs,medianTimeMs,minTimeMs,maxTimeMs,meanCompletedDepth,medianCompletedDepth,timedOutCount,ttProbes,ttHits,ttHitRate
FIXED_DEPTH,ALPHA_BETA,1,,8,40,40,0,0,0,1015,25.375,28,18.07342499999394,18.646450000058394,5.68660000001546,31.130800000042655,1,1,0,0,0,
FIXED_DEPTH,ALPHA_BETA_TT,1,,8,40,40,0,0,0,1015,25.375,28,24.398147499997755,27.397250000023632,6.964999999967404,36.23120000003837,1,1,0,975,0,0
FIXED_DEPTH,MINIMAX,1,,8,40,40,0,0,0,1015,25.375,28,17.485972499995405,18.916250000009313,5.860200000053737,25.101500000000016,1,1,0,0,0,
FIXED_DEPTH,ORDERED_ALPHA_BETA,1,,8,40,40,0,0,0,1015,25.375,28,24.96016749999954,27.59975000002953,6.309599999978673,37.506099999998696,1,1,0,0,0,
FIXED_DEPTH,ALPHA_BETA,2,,8,40,40,0,0,0,21905,547.625,574,393.4099650000086,383.01994999998715,265.4013000000268,536.5612000000001,2,2,0,0,0,
FIXED_DEPTH,ALPHA_BETA_TT,2,,8,40,40,0,0,0,21905,547.625,574,562.8018024999967,549.9930499999609,429.750800000038,733.5879000000004,2,2,0,21865,0,0
FIXED_DEPTH,MINIMAX,2,,8,40,40,0,0,0,21905,547.625,574,390.2512225000025,396.5733000000182,270.53330000001006,513.6307999999999,2,2,0,0,0,
FIXED_DEPTH,ORDERED_ALPHA_BETA,2,,8,40,40,0,0,0,21905,547.625,574,542.4968525000024,537.8581000000122,419.75439999997616,762.9023000000007,2,2,0,0,0,
FIXED_DEPTH,ALPHA_BETA,3,,8,40,40,0,0,0,190045,4751.125,4481.5,3126.0990749999964,2907.313849999977,609.0690000000177,5909.227800000008,3,3,0,0,0,
FIXED_DEPTH,ALPHA_BETA_TT,3,,8,40,40,0,0,0,113900,2847.5,2697.5,5487.671212499996,5737.237650000025,656.4637000000221,10453.507700000016,3,3,0,113860,17790,0.1562445108027402
FIXED_DEPTH,MINIMAX,3,,8,40,40,0,0,0,548955,13723.875,14389.5,9904.974677500004,10266.989650000003,1571.5292000000481,14819.806299999997,3,3,0,0,0,
FIXED_DEPTH,ORDERED_ALPHA_BETA,3,,8,40,40,0,0,0,113900,2847.5,2697.5,5639.569539999995,5863.035749999981,834.1633000000147,10131.598600000027,3,3,0,0,0,
TIME_BUDGET,ITERATIVE_DEEPENING,4,100,8,24,24,0,0,0,2052,85.5,88.5,100.80032916667794,100.60895000002347,100.09309999994002,102.3660000001546,1,1,24,2004,0,0
TIME_BUDGET,ITERATIVE_DEEPENING,4,1000,8,24,24,0,0,0,18521,771.7083333333334,776,1002.9440416666912,1000.7207000000635,1000.1407000001054,1014.777999999933,2,2,24,18449,210,0.011382730771315519
TIME_BUDGET,ITERATIVE_DEEPENING,4,250,8,24,24,0,0,0,5366,223.58333333333334,238.5,251.20833749996382,250.63075000001118,250.12079999991693,254.10150000010617,1,1,24,5318,0,0
TIME_BUDGET,ITERATIVE_DEEPENING,4,500,8,24,24,0,0,0,11511,479.625,518,501.3801833333467,500.58345000003465,500.096700000111,507.3826999999583,1.125,1,24,11460,0,0
