benchmarkId,experiment,positionId,positionSource,algorithm,rootPlayer,depth,budgetMs,repetition,status,bestMoveFrom,bestMoveTo,evaluationScore,scorePerspective,nodesSearched,searchDepth,thinkingTimeMs,timedOut,candidateBestEquivalent,cutoffs,ttProbes,ttHits,ttCutoffs,ttStores,error
search-20260927-071826,FIXED_DEPTH,forced-win,canonical:finished_fixture#ply=13,ALPHA_BETA_TT,B,3,,1,COMPLETED,P07,P17,999999,B,3609,3,6832.8173,false,true,575,3608,527,403,3141,
search-20260927-071826,FIXED_DEPTH,forced-win,canonical:finished_fixture#ply=13,ALPHA_BETA_TT,B,3,,2,COMPLETED,P07,P17,999999,B,3609,3,6848.7844000000005,false,true,575,3608,527,403,3141,
search-20260927-071826,FIXED_DEPTH,forced-win,canonical:finished_fixture#ply=13,ALPHA_BETA_TT,B,3,,3,COMPLETED,P07,P17,999999,B,3609,3,6836.656300000002,false,true,575,3608,527,403,3141,
search-20260927-071826,FIXED_DEPTH,forced-win,canonical:finished_fixture#ply=13,ALPHA_BETA_TT,B,3,,4,COMPLETED,P07,P17,999999,B,3609,3,6753.949699999997,false,true,575,3608,527,403,3141,
search-20260927-071826,FIXED_DEPTH,forced-win,canonical:finished_fixture#ply=13,ALPHA_BETA_TT,B,3,,5,COMPLETED,P07,P17,999999,B,3609,3,6830.806400000001,false,true,575,3608,527,403,3141,
search-20260927-071826,FIXED_DEPTH,tactical,canonical:finished_fixture#ply=6,ALPHA_BETA_TT,A,3,,1,COMPLETED,P13,P09,292,A,5559,3,9205.181400000001,false,true,547,5558,1094,866,4554,
search-20260927-071826,FIXED_DEPTH,tactical,canonical:finished_fixture#ply=6,ALPHA_BETA_TT,A,3,,2,COMPLETED,P13,P09,292,A,5559,3,9978.938100000007,false,true,547,5558,1094,866,4554,
search-20260927-071826,FIXED_DEPTH,tactical,canonical:finished_fixture#ply=6,ALPHA_BETA_TT,A,3,,3,COMPLETED,P13,P09,292,A,5559,3,9192.642200000002,false,true,547,5558,1094,866,4554,
search-20260927-071826,FIXED_DEPTH,tactical,canonical:finished_fixture#ply=6,ALPHA_BETA_TT,A,3,,4,COMPLETED,P13,P09,292,A,5559,3,9266.252099999998,false,true,547,5558,1094,866,4554,
search-20260927-071826,FIXED_DEPTH,tactical,canonical:finished_fixture#ply=6,ALPHA_BETA_TT,A,3,,5,COMPLETED,P13,P09,292,A,5559,3,8776.133300000001,false,true,547,5558,1094,866,4554,
search-20260927-071826,FIXED_DEPTH,lone-piece,"canonical:RandomAI#seed=4,ply=44",ALPHA_BETA_TT,A,3,,1,COMPLETED,P15,P19,-820.5,A,737,3,652.5947000000015,false,true,216,736,216,127,547,
search-20260927-071826,FIXED_DEPTH,lone-piece,"canonical:RandomAI#seed=4,ply=44",ALPHA_BETA_TT,A,3,,2,COMPLETED,P15,P19,-820.5,A,737,3,647.0366999999969,false,true,216,736,216,127,547,
search-20260927-071826,FIXED_DEPTH,lone-piece,"canonical:RandomAI#seed=4,ply=44",ALPHA_BETA_TT,A,3,,3,COMPLETED,P15,P19,-820.5,A,737,3,639.300299999988,false,true,216,736,216,127,547,
search-20260927-071826,FIXED_DEPTH,lone-piece,"canonical:RandomAI#seed=4,ply=44",ALPHA_BETA_TT,A,3,,4,COMPLETED,P15,P19,-820.5,A,737,3,679.8041999999987,false,true,216,736,216,127,547,
search-20260927-071826,FIXED_DEPTH,lone-piece,"canonical:RandomAI#seed=4,ply=44",ALPHA_BETA_TT,A,3,,5,COMPLETED,P15,P19,-820.5,A,737,3,641.0994000000064,false,true,216,736,216,127,547,
search-20260927-071826,FIXED_DEPTH,opening,canonical:initial,ALPHA_BETA_TT,A,3,,1,COMPLETED,P01,P03,22,A,3225,3,6097.474099999992,false,true,481,3224,447,316,2819,
search-20260927-071826,FIXED_DEPTH,opening,canonical:initial,ALPHA_BETA_TT,A,3,,2,COMPLETED,P01,P03,22,A,3225,3,5921.670100000003,false,true,481,3224,447,316,2819,
search-20260927-071826,FIXED_DEPTH,opening,canonical:initial,ALPHA_BETA_TT,A,3,,3,COMPLETED,P01,P03,22,A,3225,3,6002.721699999995,false,true,481,3224,447,316,2819,
search-20260927-071826,FIXED_DEPTH,opening,canonical:initial,ALPHA_BETA_TT,A,3,,4,COMPLETED,P01,P03,22,A,3225,3,5983.546900000001,false,true,481,3224,447,316,2819,
search-20260927-071826,FIXED_DEPTH,opening,canonical:initial,ALPHA_BETA_TT,A,3,,5,COMPLETED,P01,P03,22,A,3225,3,6052.77949999999,false,true,481,3224,447,316,2819,
search-20260927-071826,FIXED_DEPTH,defensive,canonical:finished_fixture#ply=2,ALPHA_BETA_TT,A,3,,1,COMPLETED,P19,P24,8,A,2107,3,4772.62969999999,false,true,470,2106,335,257,1800,
search-20260927-071826,FIXED_DEPTH,defensive,canonical:finished_fixture#ply=2,ALPHA_BETA_TT,A,3,,2,COMPLETED,P19,P24,8,A,2107,3,5004.932000000001,false,true,470,2106,335,257,1800,
search-20260927-071826,FIXED_DEPTH,defensive,canonical:finished_fixture#ply=2,ALPHA_BETA_TT,A,3,,3,COMPLETED,P19,P24,8,A,2107,3,5043.9836999999825,false,true,470,2106,335,257,1800,
search-20260927-071826,FIXED_DEPTH,defensive,canonical:finished_fixture#ply=2,ALPHA_BETA_TT,A,3,,4,COMPLETED,P19,P24,8,A,2107,3,4941.256199999974,false,true,470,2106,335,257,1800,
search-20260927-071826,FIXED_DEPTH,defensive,canonical:finished_fixture#ply=2,ALPHA_BETA_TT,A,3,,5,COMPLETED,P19,P24,8,A,2107,3,4774.0234000000055,false,true,470,2106,335,257,1800,
search-20260927-071826,FIXED_DEPTH,temple,canonical:temple_sequence#ply=5,ALPHA_BETA_TT,B,3,,1,COMPLETED,P15,P23,20,B,2627,3,5825.1095000000205,false,true,497,2626,378,232,2296,
search-20260927-071826,FIXED_DEPTH,temple,canonical:temple_sequence#ply=5,ALPHA_BETA_TT,B,3,,2,COMPLETED,P15,P23,20,B,2627,3,5886.520199999999,false,true,497,2626,378,232,2296,
search-20260927-071826,FIXED_DEPTH,temple,canonical:temple_sequence#ply=5,ALPHA_BETA_TT,B,3,,3,COMPLETED,P15,P23,20,B,2627,3,5838.818799999979,false,true,497,2626,378,232,2296,
search-20260927-071826,FIXED_DEPTH,temple,canonical:temple_sequence#ply=5,ALPHA_BETA_TT,B,3,,4,COMPLETED,P15,P23,20,B,2627,3,5722.527200000011,false,true,497,2626,378,232,2296,
search-20260927-071826,FIXED_DEPTH,temple,canonical:temple_sequence#ply=5,ALPHA_BETA_TT,B,3,,5,COMPLETED,P15,P23,20,B,2627,3,5774.625700000004,false,true,497,2626,378,232,2296,
search-20260927-071826,FIXED_DEPTH,midgame,canonical:finished_fixture#ply=4,ALPHA_BETA_TT,A,3,,1,COMPLETED,P06,P01,30,A,2768,3,5217.434999999998,false,true,495,2767,323,286,2457,
search-20260927-071826,FIXED_DEPTH,midgame,canonical:finished_fixture#ply=4,ALPHA_BETA_TT,A,3,,2,COMPLETED,P06,P01,30,A,2768,3,5217.245999999985,false,true,495,2767,323,286,2457,
search-20260927-071826,FIXED_DEPTH,midgame,canonical:finished_fixture#ply=4,ALPHA_BETA_TT,A,3,,3,COMPLETED,P06,P01,30,A,2768,3,5239.580799999996,false,true,495,2767,323,286,2457,
search-20260927-071826,FIXED_DEPTH,midgame,canonical:finished_fixture#ply=4,ALPHA_BETA_TT,A,3,,4,COMPLETED,P06,P01,30,A,2768,3,5158.181299999997,false,true,495,2767,323,286,2457,
search-20260927-071826,FIXED_DEPTH,midgame,canonical:finished_fixture#ply=4,ALPHA_BETA_TT,A,3,,5,COMPLETED,P06,P01,30,A,2768,3,5243.02860000002,false,true,495,2767,323,286,2457,
search-20260927-071826,FIXED_DEPTH,capture,canonical:finished_fixture#ply=1,ALPHA_BETA_TT,B,3,,1,COMPLETED,P15,P13,216,B,2148,3,3746.3696000000054,false,true,398,2147,238,182,1928,
search-20260927-071826,FIXED_DEPTH,capture,canonical:finished_fixture#ply=1,ALPHA_BETA_TT,B,3,,2,COMPLETED,P15,P13,216,B,2148,3,3516.3291999999783,false,true,398,2147,238,182,1928,
search-20260927-071826,FIXED_DEPTH,capture,canonical:finished_fixture#ply=1,ALPHA_BETA_TT,B,3,,3,COMPLETED,P15,P13,216,B,2148,3,3601.708399999974,false,true,398,2147,238,182,1928,
search-20260927-071826,FIXED_DEPTH,capture,canonical:finished_fixture#ply=1,ALPHA_BETA_TT,B,3,,4,COMPLETED,P15,P13,216,B,2148,3,3565.5494999999937,false,true,398,2147,238,182,1928,
search-20260927-071826,FIXED_DEPTH,capture,canonical:finished_fixture#ply=1,ALPHA_BETA_TT,B,3,,5,COMPLETED,P15,P13,216,B,2148,3,3551.7939999999944,false,true,398,2147,238,182,1928,
search-20260927-071826,TIME_BUDGET,forced-win,canonical:finished_fixture#ply=13,ITERATIVE_DEEPENING,B,4,100,1,COMPLETED,P07,P17,999999,B,111,1,100.30289999998058,true,true,0,109,0,0,107,
search-20260927-071826,TIME_BUDGET,forced-win,canonical:finished_fixture#ply=13,ITERATIVE_DEEPENING,B,4,100,2,COMPLETED,P07,P17,999999,B,112,1,100.69800000000396,true,true,0,110,0,0,108,
search-20260927-071826,TIME_BUDGET,forced-win,canonical:finished_fixture#ply=13,ITERATIVE_DEEPENING,B,4,100,3,COMPLETED,P07,P17,999999,B,96,1,100.64729999998235,true,true,0,94,0,0,92,
search-20260927-071826,TIME_BUDGET,forced-win,canonical:finished_fixture#ply=13,ITERATIVE_DEEPENING,B,4,250,1,COMPLETED,P07,P17,999999,B,234,1,250.30359999998473,true,true,0,232,0,0,230,
search-20260927-071826,TIME_BUDGET,forced-win,canonical:finished_fixture#ply=13,ITERATIVE_DEEPENING,B,4,250,2,COMPLETED,P07,P17,999999,B,254,1,253.6036000000022,true,true,0,252,0,0,251,
search-20260927-071826,TIME_BUDGET,forced-win,canonical:finished_fixture#ply=13,ITERATIVE_DEEPENING,B,4,250,3,COMPLETED,P07,P17,999999,B,281,1,253.2317000000039,true,true,0,279,0,0,278,
search-20260927-071826,TIME_BUDGET,forced-win,canonical:finished_fixture#ply=13,ITERATIVE_DEEPENING,B,4,500,1,COMPLETED,P07,P17,999999,B,528,1,509.31909999999334,true,true,0,526,0,0,525,
search-20260927-071826,TIME_BUDGET,forced-win,canonical:finished_fixture#ply=13,ITERATIVE_DEEPENING,B,4,500,2,COMPLETED,P07,P17,999999,B,518,1,500.16560000000754,true,true,0,516,0,0,514,
search-20260927-071826,TIME_BUDGET,forced-win,canonical:finished_fixture#ply=13,ITERATIVE_DEEPENING,B,4,500,3,COMPLETED,P07,P17,999999,B,534,1,500.84820000000764,true,true,0,532,0,0,530,
search-20260927-071826,TIME_BUDGET,forced-win,canonical:finished_fixture#ply=13,ITERATIVE_DEEPENING,B,4,1000,1,COMPLETED,P07,P17,999999,B,853,2,1009.081199999986,true,true,11,850,0,0,848,
search-20260927-071826,TIME_BUDGET,forced-win,canonical:finished_fixture#ply=13,ITERATIVE_DEEPENING,B,4,1000,2,COMPLETED,P07,P17,999999,B,851,2,1010.996599999984,true,true,10,848,0,0,846,
search-20260927-071826,TIME_BUDGET,forced-win,canonical:finished_fixture#ply=13,ITERATIVE_DEEPENING,B,4,1000,3,COMPLETED,P07,P17,999999,B,853,2,1006.2679999999818,true,true,11,850,0,0,848,
search-20260927-071826,TIME_BUDGET,tactical,canonical:finished_fixture#ply=6,ITERATIVE_DEEPENING,A,4,100,1,COMPLETED,P13,P09,412,A,121,1,100.27929999999469,true,true,0,119,0,0,117,
search-20260927-071826,TIME_BUDGET,tactical,canonical:finished_fixture#ply=6,ITERATIVE_DEEPENING,A,4,100,2,COMPLETED,P13,P09,412,A,113,1,101.31239999999525,true,true,0,111,0,0,110,
search-20260927-071826,TIME_BUDGET,tactical,canonical:finished_fixture#ply=6,ITERATIVE_DEEPENING,A,4,100,3,COMPLETED,P13,P09,412,A,123,1,100.10889999999199,true,true,0,121,0,0,119,
search-20260927-071826,TIME_BUDGET,tactical,canonical:finished_fixture#ply=6,ITERATIVE_DEEPENING,A,4,250,1,COMPLETED,P13,P09,412,A,299,1,250.94250000000466,true,true,0,297,0,0,295,
search-20260927-071826,TIME_BUDGET,tactical,canonical:finished_fixture#ply=6,ITERATIVE_DEEPENING,A,4,250,2,COMPLETED,P13,P09,412,A,275,1,250.25940000000992,true,true,0,273,0,0,271,
search-20260927-071826,TIME_BUDGET,tactical,canonical:finished_fixture#ply=6,ITERATIVE_DEEPENING,A,4,250,3,COMPLETED,P13,P09,412,A,270,1,250.1587999999756,true,true,0,268,0,0,266,
search-20260927-071826,TIME_BUDGET,tactical,canonical:finished_fixture#ply=6,ITERATIVE_DEEPENING,A,4,500,1,COMPLETED,P13,P09,412,A,589,1,500.9590999999782,true,true,0,587,0,0,585,
search-20260927-071826,TIME_BUDGET,tactical,canonical:finished_fixture#ply=6,ITERATIVE_DEEPENING,A,4,500,2,COMPLETED,P13,P09,412,A,586,1,500.29799999995157,true,true,0,584,0,0,582,
search-20260927-071826,TIME_BUDGET,tactical,canonical:finished_fixture#ply=6,ITERATIVE_DEEPENING,A,4,500,3,COMPLETED,P13,P09,412,A,580,1,500.6341999999713,true,true,0,578,0,0,576,
search-20260927-071826,TIME_BUDGET,tactical,canonical:finished_fixture#ply=6,ITERATIVE_DEEPENING,A,4,1000,1,COMPLETED,P19,P09,226,A,1008,2,1000.8309000000008,true,true,5,1005,18,17,984,
search-20260927-071826,TIME_BUDGET,tactical,canonical:finished_fixture#ply=6,ITERATIVE_DEEPENING,A,4,1000,2,COMPLETED,P19,P09,226,A,998,2,1000.8738000000012,true,true,5,995,12,11,980,
search-20260927-071826,TIME_BUDGET,tactical,canonical:finished_fixture#ply=6,ITERATIVE_DEEPENING,A,4,1000,3,COMPLETED,P19,P09,226,A,970,2,1004.0241000000387,true,true,4,967,10,10,955,
search-20260927-071826,TIME_BUDGET,lone-piece,"canonical:RandomAI#seed=4,ply=44",ITERATIVE_DEEPENING,A,4,100,1,COMPLETED,P15,P19,-818.2222222222222,A,53,1,129.5187000000151,true,true,0,51,0,0,50,
search-20260927-071826,TIME_BUDGET,lone-piece,"canonical:RandomAI#seed=4,ply=44",ITERATIVE_DEEPENING,A,4,100,2,COMPLETED,P15,P19,-818.2222222222222,A,53,1,130.02430000004824,true,true,0,51,0,0,50,
search-20260927-071826,TIME_BUDGET,lone-piece,"canonical:RandomAI#seed=4,ply=44",ITERATIVE_DEEPENING,A,4,100,3,COMPLETED,P15,P19,-818.2222222222222,A,53,1,134.05400000000373,true,true,0,51,0,0,50,
search-20260927-071826,TIME_BUDGET,lone-piece,"canonical:RandomAI#seed=4,ply=44",ITERATIVE_DEEPENING,A,4,250,1,COMPLETED,P15,P19,-818.2222222222222,A,127,1,251.08329999999842,true,true,0,125,0,0,123,
search-20260927-071826,TIME_BUDGET,lone-piece,"canonical:RandomAI#seed=4,ply=44",ITERATIVE_DEEPENING,A,4,250,2,COMPLETED,P15,P19,-818.2222222222222,A,134,1,250.10440000001108,true,true,0,132,0,0,130,
search-20260927-071826,TIME_BUDGET,lone-piece,"canonical:RandomAI#seed=4,ply=44",ITERATIVE_DEEPENING,A,4,250,3,COMPLETED,P15,P19,-818.2222222222222,A,120,1,250.24160000000848,true,true,0,118,0,0,116,
search-20260927-071826,TIME_BUDGET,lone-piece,"canonical:RandomAI#seed=4,ply=44",ITERATIVE_DEEPENING,A,4,500,1,COMPLETED,P15,P19,-818.2222222222222,A,249,1,502.4010000000126,true,true,0,247,0,0,245,
search-20260927-071826,TIME_BUDGET,lone-piece,"canonical:RandomAI#seed=4,ply=44",ITERATIVE_DEEPENING,A,4,500,2,COMPLETED,P15,P19,-818.2222222222222,A,224,1,511.1513000000268,true,true,0,222,0,0,221,
search-20260927-071826,TIME_BUDGET,lone-piece,"canonical:RandomAI#seed=4,ply=44",ITERATIVE_DEEPENING,A,4,500,3,COMPLETED,P15,P19,-818.2222222222222,A,249,1,501.53940000000875,true,true,0,247,0,0,245,
search-20260927-071826,TIME_BUDGET,lone-piece,"canonical:RandomAI#seed=4,ply=44",ITERATIVE_DEEPENING,A,4,1000,1,COMPLETED,P15,P09,-829.3333333333334,A,757,2,1000.1618000000017,true,true,165,754,96,51,669,
search-20260927-071826,TIME_BUDGET,lone-piece,"canonical:RandomAI#seed=4,ply=44",ITERATIVE_DEEPENING,A,4,1000,2,COMPLETED,P15,P09,-829.3333333333334,A,770,2,1001.1292999999714,true,true,170,767,101,53,677,
search-20260927-071826,TIME_BUDGET,lone-piece,"canonical:RandomAI#seed=4,ply=44",ITERATIVE_DEEPENING,A,4,1000,3,COMPLETED,P15,P09,-829.3333333333334,A,699,2,1000.2335999999777,true,true,156,696,87,44,618,
search-20260927-071826,TIME_BUDGET,opening,canonical:initial,ITERATIVE_DEEPENING,A,4,100,1,COMPLETED,P06,P08,20,A,82,1,101.33419999998296,true,true,0,80,0,0,78,
search-20260927-071826,TIME_BUDGET,opening,canonical:initial,ITERATIVE_DEEPENING,A,4,100,2,COMPLETED,P06,P08,20,A,77,1,101.11200000002282,true,true,0,75,0,0,73,
search-20260927-071826,TIME_BUDGET,opening,canonical:initial,ITERATIVE_DEEPENING,A,4,100,3,COMPLETED,P06,P08,20,A,71,1,100.7048000000068,true,true,0,69,0,0,67,
search-20260927-071826,TIME_BUDGET,opening,canonical:initial,ITERATIVE_DEEPENING,A,4,250,1,COMPLETED,P06,P08,20,A,253,1,250.22569999995176,true,true,0,251,0,0,249,
search-20260927-071826,TIME_BUDGET,opening,canonical:initial,ITERATIVE_DEEPENING,A,4,250,2,COMPLETED,P06,P08,20,A,252,1,250.73339999996824,true,true,0,250,0,0,248,
search-20260927-071826,TIME_BUDGET,opening,canonical:initial,ITERATIVE_DEEPENING,A,4,250,3,COMPLETED,P06,P08,20,A,257,1,259.1809999999823,true,true,0,255,0,0,254,
search-20260927-071826,TIME_BUDGET,opening,canonical:initial,ITERATIVE_DEEPENING,A,4,500,1,COMPLETED,P06,P08,20,A,509,1,500.1579999999958,true,true,0,507,0,0,505,
search-20260927-071826,TIME_BUDGET,opening,canonical:initial,ITERATIVE_DEEPENING,A,4,500,2,COMPLETED,P06,P08,20,A,525,1,500.43940000003204,true,true,0,523,0,0,521,
search-20260927-071826,TIME_BUDGET,opening,canonical:initial,ITERATIVE_DEEPENING,A,4,500,3,COMPLETED,P06,P08,20,A,530,1,507.36509999999544,true,true,0,528,0,0,527,
search-20260927-071826,TIME_BUDGET,opening,canonical:initial,ITERATIVE_DEEPENING,A,4,1000,1,COMPLETED,P06,P07,-8,A,913,2,1000.6148999999859,true,true,18,910,5,4,903,
search-20260927-071826,TIME_BUDGET,opening,canonical:initial,ITERATIVE_DEEPENING,A,4,1000,2,COMPLETED,P06,P07,-8,A,917,2,1000.2187999999733,true,true,18,914,5,4,907,
search-20260927-071826,TIME_BUDGET,opening,canonical:initial,ITERATIVE_DEEPENING,A,4,1000,3,COMPLETED,P06,P07,-8,A,902,2,1005.8242999999784,true,true,18,899,4,3,894,
search-20260927-071826,TIME_BUDGET,defensive,canonical:finished_fixture#ply=2,ITERATIVE_DEEPENING,A,4,100,1,COMPLETED,P11,P03,4,A,101,1,100.3853999999701,true,true,0,99,0,0,97,
search-20260927-071826,TIME_BUDGET,defensive,canonical:finished_fixture#ply=2,ITERATIVE_DEEPENING,A,4,100,2,COMPLETED,P11,P03,4,A,104,1,100.4269000000204,true,true,0,102,0,0,100,
search-20260927-071826,TIME_BUDGET,defensive,canonical:finished_fixture#ply=2,ITERATIVE_DEEPENING,A,4,100,3,COMPLETED,P11,P03,4,A,105,1,100.44999999995343,true,true,0,103,0,0,101,
search-20260927-071826,TIME_BUDGET,defensive,canonical:finished_fixture#ply=2,ITERATIVE_DEEPENING,A,4,250,1,COMPLETED,P11,P03,4,A,289,1,250.5178999999771,true,true,0,287,0,0,286,
search-20260927-071826,TIME_BUDGET,defensive,canonical:finished_fixture#ply=2,ITERATIVE_DEEPENING,A,4,250,2,COMPLETED,P11,P03,4,A,262,1,250.88949999999022,true,true,0,260,0,0,258,
search-20260927-071826,TIME_BUDGET,defensive,canonical:finished_fixture#ply=2,ITERATIVE_DEEPENING,A,4,250,3,COMPLETED,P11,P03,4,A,307,1,250.25430000002962,true,true,0,305,0,0,303,
search-20260927-071826,TIME_BUDGET,defensive,canonical:finished_fixture#ply=2,ITERATIVE_DEEPENING,A,4,500,1,COMPLETED,P19,P24,-20,A,583,2,503.35289999999804,true,true,0,580,0,0,580,
search-20260927-071826,TIME_BUDGET,defensive,canonical:finished_fixture#ply=2,ITERATIVE_DEEPENING,A,4,500,2,COMPLETED,P11,P03,4,A,511,1,500.2064000000246,true,true,0,509,0,0,507,
search-20260927-071826,TIME_BUDGET,defensive,canonical:finished_fixture#ply=2,ITERATIVE_DEEPENING,A,4,500,3,COMPLETED,P11,P03,4,A,506,1,500.4343999999692,true,true,0,504,0,0,502,
search-20260927-071826,TIME_BUDGET,defensive,canonical:finished_fixture#ply=2,ITERATIVE_DEEPENING,A,4,1000,1,COMPLETED,P19,P24,-20,A,735,2,1000.2746000000043,true,true,38,732,16,10,715,
search-20260927-071826,TIME_BUDGET,defensive,canonical:finished_fixture#ply=2,ITERATIVE_DEEPENING,A,4,1000,2,COMPLETED,P19,P24,-20,A,734,2,1004.1615999999922,true,true,38,731,16,10,715,
search-20260927-071826,TIME_BUDGET,defensive,canonical:finished_fixture#ply=2,ITERATIVE_DEEPENING,A,4,1000,3,COMPLETED,P19,P24,-20,A,736,2,1010.358200000017,true,true,39,733,16,10,717,
search-20260927-071826,TIME_BUDGET,temple,canonical:temple_sequence#ply=5,ITERATIVE_DEEPENING,B,4,100,1,COMPLETED,P20,P18,26,B,87,1,100.61660000000848,true,true,0,85,0,0,83,
search-20260927-071826,TIME_BUDGET,temple,canonical:temple_sequence#ply=5,ITERATIVE_DEEPENING,B,4,100,2,COMPLETED,P20,P18,26,B,91,1,100.14890000002924,true,true,0,89,0,0,87,
search-20260927-071826,TIME_BUDGET,temple,canonical:temple_sequence#ply=5,ITERATIVE_DEEPENING,B,4,100,3,COMPLETED,P20,P18,26,B,89,1,100.23050000000512,true,true,0,87,0,0,85,
search-20260927-071826,TIME_BUDGET,temple,canonical:temple_sequence#ply=5,ITERATIVE_DEEPENING,B,4,250,1,COMPLETED,P20,P18,26,B,254,1,250.52000000001863,true,true,0,252,0,0,250,
search-20260927-071826,TIME_BUDGET,temple,canonical:temple_sequence#ply=5,ITERATIVE_DEEPENING,B,4,250,2,COMPLETED,P20,P18,26,B,244,1,250.15790000004927,true,true,0,242,0,0,240,
search-20260927-071826,TIME_BUDGET,temple,canonical:temple_sequence#ply=5,ITERATIVE_DEEPENING,B,4,250,3,COMPLETED,P20,P18,26,B,251,1,250.5187000000151,true,true,0,249,0,0,247,
search-20260927-071826,TIME_BUDGET,temple,canonical:temple_sequence#ply=5,ITERATIVE_DEEPENING,B,4,500,1,COMPLETED,P20,P18,26,B,528,1,500.5974999999744,true,true,0,526,0,0,524,
search-20260927-071826,TIME_BUDGET,temple,canonical:temple_sequence#ply=5,ITERATIVE_DEEPENING,B,4,500,2,COMPLETED,P20,P18,26,B,525,1,500.3101000000024,true,true,0,523,0,0,521,
search-20260927-071826,TIME_BUDGET,temple,canonical:temple_sequence#ply=5,ITERATIVE_DEEPENING,B,4,500,3,COMPLETED,P20,P18,26,B,473,1,501.15830000001006,true,true,0,471,0,0,470,
search-20260927-071826,TIME_BUDGET,temple,canonical:temple_sequence#ply=5,ITERATIVE_DEEPENING,B,4,1000,1,COMPLETED,P15,P23,-8,B,890,2,1000.4036000000197,true,true,20,887,0,0,884,
search-20260927-071826,TIME_BUDGET,temple,canonical:temple_sequence#ply=5,ITERATIVE_DEEPENING,B,4,1000,2,COMPLETED,P15,P23,-8,B,886,2,1009.0116999999736,true,true,19,883,0,0,881,
search-20260927-071826,TIME_BUDGET,temple,canonical:temple_sequence#ply=5,ITERATIVE_DEEPENING,B,4,1000,3,COMPLETED,P15,P23,-8,B,891,2,1011.2043999999878,true,true,21,888,0,0,886,
search-20260927-071826,TIME_BUDGET,midgame,canonical:finished_fixture#ply=4,ITERATIVE_DEEPENING,A,4,100,1,COMPLETED,P18,P03,230,A,119,1,102.00330000004033,true,true,0,117,0,0,116,
search-20260927-071826,TIME_BUDGET,midgame,canonical:finished_fixture#ply=4,ITERATIVE_DEEPENING,A,4,100,2,COMPLETED,P18,P03,230,A,117,1,100.52250000002095,true,true,0,115,0,0,113,
search-20260927-071826,TIME_BUDGET,midgame,canonical:finished_fixture#ply=4,ITERATIVE_DEEPENING,A,4,100,3,COMPLETED,P18,P03,230,A,119,1,102.2616000000271,true,true,0,117,0,0,116,
search-20260927-071826,TIME_BUDGET,midgame,canonical:finished_fixture#ply=4,ITERATIVE_DEEPENING,A,4,250,1,COMPLETED,P18,P03,230,A,283,1,250.59350000001723,true,true,0,281,0,0,279,
search-20260927-071826,TIME_BUDGET,midgame,canonical:finished_fixture#ply=4,ITERATIVE_DEEPENING,A,4,250,2,COMPLETED,P18,P03,230,A,284,1,250.61709999997402,true,true,0,282,0,0,280,
search-20260927-071826,TIME_BUDGET,midgame,canonical:finished_fixture#ply=4,ITERATIVE_DEEPENING,A,4,250,3,COMPLETED,P18,P03,230,A,281,1,250.36190000001807,true,true,0,279,0,0,277,
search-20260927-071826,TIME_BUDGET,midgame,canonical:finished_fixture#ply=4,ITERATIVE_DEEPENING,A,4,500,1,COMPLETED,P18,P03,16,A,622,2,508.55280000000494,true,true,0,619,0,0,617,
search-20260927-071826,TIME_BUDGET,midgame,canonical:finished_fixture#ply=4,ITERATIVE_DEEPENING,A,4,500,2,COMPLETED,P18,P03,230,A,616,1,500.25150000001304,true,true,0,614,0,0,612,
search-20260927-071826,TIME_BUDGET,midgame,canonical:finished_fixture#ply=4,ITERATIVE_DEEPENING,A,4,500,3,COMPLETED,P18,P03,16,A,620,2,506.1962999999523,true,true,0,617,0,0,617,
search-20260927-071826,TIME_BUDGET,midgame,canonical:finished_fixture#ply=4,ITERATIVE_DEEPENING,A,4,1000,1,COMPLETED,P18,P03,16,A,840,2,1001.2527999999584,true,true,40,837,2,1,833,
search-20260927-071826,TIME_BUDGET,midgame,canonical:finished_fixture#ply=4,ITERATIVE_DEEPENING,A,4,1000,2,COMPLETED,P18,P03,16,A,836,2,1000.0798000000068,true,true,38,833,2,1,829,
search-20260927-071826,TIME_BUDGET,midgame,canonical:finished_fixture#ply=4,ITERATIVE_DEEPENING,A,4,1000,3,COMPLETED,P18,P03,16,A,828,2,1000.374599999981,true,true,34,825,1,0,822,
search-20260927-071826,TIME_BUDGET,capture,canonical:finished_fixture#ply=1,ITERATIVE_DEEPENING,B,4,100,1,COMPLETED,P25,P23,228,B,102,1,100.41710000002058,true,true,0,100,0,0,98,
search-20260927-071826,TIME_BUDGET,capture,canonical:finished_fixture#ply=1,ITERATIVE_DEEPENING,B,4,100,2,COMPLETED,P25,P23,228,B,99,1,102.10999999998603,true,true,0,97,0,0,96,
search-20260927-071826,TIME_BUDGET,capture,canonical:finished_fixture#ply=1,ITERATIVE_DEEPENING,B,4,100,3,COMPLETED,P25,P23,228,B,99,1,102.37209999997867,true,true,0,97,0,0,96,
search-20260927-071826,TIME_BUDGET,capture,canonical:finished_fixture#ply=1,ITERATIVE_DEEPENING,B,4,250,1,COMPLETED,P25,P23,228,B,263,1,250.41790000000037,true,true,0,261,0,0,259,
search-20260927-071826,TIME_BUDGET,capture,canonical:finished_fixture#ply=1,ITERATIVE_DEEPENING,B,4,250,2,COMPLETED,P25,P23,228,B,273,1,250.1917999999714,true,true,0,271,0,0,269,
search-20260927-071826,TIME_BUDGET,capture,canonical:finished_fixture#ply=1,ITERATIVE_DEEPENING,B,4,250,3,COMPLETED,P25,P23,228,B,281,1,250.22460000001593,true,true,0,279,0,0,277,
search-20260927-071826,TIME_BUDGET,capture,canonical:finished_fixture#ply=1,ITERATIVE_DEEPENING,B,4,500,1,COMPLETED,P25,P23,200,B,522,2,503.6216999999597,true,true,3,519,0,0,517,
search-20260927-071826,TIME_BUDGET,capture,canonical:finished_fixture#ply=1,ITERATIVE_DEEPENING,B,4,500,2,COMPLETED,P25,P23,200,B,520,2,504.18369999999413,true,true,2,517,0,0,515,
search-20260927-071826,TIME_BUDGET,capture,canonical:finished_fixture#ply=1,ITERATIVE_DEEPENING,B,4,500,3,COMPLETED,P25,P23,200,B,524,2,508.0027000000118,true,true,4,521,0,0,519,
search-20260927-071826,TIME_BUDGET,capture,canonical:finished_fixture#ply=1,ITERATIVE_DEEPENING,B,4,1000,1,COMPLETED,P25,P23,200,B,742,2,1002.8064000000013,true,true,33,739,9,7,729,
search-20260927-071826,TIME_BUDGET,capture,canonical:finished_fixture#ply=1,ITERATIVE_DEEPENING,B,4,1000,2,COMPLETED,P25,P23,200,B,738,2,1005.8669999999693,true,true,31,735,9,7,725,
search-20260927-071826,TIME_BUDGET,capture,canonical:finished_fixture#ply=1,ITERATIVE_DEEPENING,B,4,1000,3,COMPLETED,P25,P23,200,B,748,2,1000.5659999999916,true,true,35,745,9,7,734,
